product;sourceService;targetService;protocol;port;description
VBR;Backup server;vCenter Server;TCP;443;Default port used for connections to vCenter Server. Note: The backup server should have a direct connection to vCenter Server. HTTP/HTTPS proxy servers are not supported. If you use VMware Cloud Director, make sure you open port 443 on underlying vCenter Servers.
VBR;Backup server;ESXi server;TCP;443;Default port used for connections to ESXi host. This port is not required for VMware Cloud on AWS.
VBR;Backup server;ESXi server;TCP;902;Port used for data transfer to ESXi host. It is also used during guest OS file recovery if you recover files from replicas. This port is not required for VMware Cloud on AWS.
VBR;Backup server;VMware Cloud Director;TCP;443;Default port used for connections to VMware Cloud Director. Note: The backup server should have a direct connection to VMware Cloud Director. HTTP/HTTPS proxy servers are not supported.
VBR;Backup server;PostgreSQL server hosting the Veeam Backup & Replication configuration database;TCP;5432;Port used for communication with PostgreSQL server on which the Veeam Backup & Replication configuration database is deployed.
VBR;Backup server;Microsoft SQL Server hosting the Veeam Backup & Replication configuration database;TCP;1433;Port used for communication with Microsoft SQL Server on which the Veeam Backup & Replication configuration database is deployed (if you use a Microsoft SQL Server default instance). Additional ports may need to be open depending on your configuration. For more information, see Microsoft Docs.
VBR;Backup server;DNS server with forward/reverse name resolution of all backup servers;UDP;53;Port used for communication with the DNS Server.
VBR;Backup server;Veeam Update Notification Server;TCP;443;Default port used to download information about available updates from the Veeam Update Notification Server over HTTPS. Veeam Update Notification Server endpoints: dev.veeam.com vbrad.butler.veeam.com vbrce.butler.veeam.com
VBR;Backup server;Veeam License Update Server;TCP;443;Default port used to automatically update license from the Veeam License Update Server over HTTPS. Veeam Threat Hunter and Veeam Data Cloud Vault also require this communication to work properly. Veeam License Update Server endpoints: vbr.butler.veeam.com autolk.veeam.com
VBR;Backup server;Veeam License Update Server;TCP;80;Required for certificate validation when Veeam Backup & Replication connects to Veeam License Update Server to check if the new license is available and download it. Certificate verification endpoints: *.ss2.us *.amazontrust.com Consider that certificate verification endpoints (CRL URLs and OCSP servers) are subject to change. You can find the actual list of addresses in the certificate details in the following fields: CRL Distribution Points Authority Information Access
VBR;Backup server;Certificate Revocation Lists;TCP;80 or 443;Veeam Backup & Replication requires access to the Certificate Revocation Lists (CRL) of the Certificate Authority (CA) that issued the certificate for each backup infrastructure component. Note : The specific CRL endpoint that must be connected to depends on the CA that issued the certificate. You can find the actual list of addresses in the certificate details in the following fields: CRL Distribution Points Authority Information Access
VBR;Backup server;KMS server;TCP;5696;Default port used for communication with Key Management System server.
VBR;Backup server;Veeam ONE Server;TCP;2741;Default port used for communication with Veeam ONE internal Web API. Required for the Analytics view. For more information, see Configuring Analytics View.
VBR;Backup server;Veeam ONE Web Services;TCP;1239;Default port used by Veeam ONE Web Services. Required for the Analytics view. For more information, see Configuring Analytics View.
VBR;Backup server;Backup server;TCP;9501 (local);Port used locally on the backup server for communication between Veeam Broker Service and Veeam services and components. Note : Local ports do not require specific firewall rules. Make sure that this port is not used by another software. Otherwise, this can affect Veeam Backup & Replication functionality.
VBR;Backup server;Backup server;TCP;6172 (local);Port used to provide REST access to the Veeam Backup & Replication database. Note : Local ports do not require specific firewall rules. Make sure that this port is not used by another software. Otherwise, this can affect Veeam Backup & Replication functionality.
VBR;Backup server;Backup server;TCP;9393 (local);Default port used by the Veeam Guest Catalog service for catalog replication. Can be customized during Veeam Backup & Replication installation. Note : Local ports do not require specific firewall rules. Make sure that this port is not used by another software. Otherwise, this can affect Veeam Backup & Replication functionality.
VBR;Management client PC (remote access);Backup server;TCP;3389;Default port used by Remote Desktop Services. If you use third-party solutions to connect to the backup server, other ports may need to be open.
VBR;REST client;Backup server;TCP;9419;Default port for communication with REST API service.
VBR;Veeam Backup & Replication console;Backup server;TCP;9392 9420;Ports used by the Veeam Backup & Replication console to communicate with the backup server. Note that both ports are required.
VBR;Veeam Backup & Replication console;Backup server;TCP;9396;Port used by the Veeam.Backup.UIService process for managing database connections.
VBR;Veeam Backup & Replication console;Backup server;TCP;9401;[Remote console only] Port used by the Veeam Backup & Replication console during Windows file-level recovery. Required to perform Copy to and Mount to console operations.
VBR;Veeam Backup & Replication console;Backup server;TCP;10003;[Remote console only] Port used by the Veeam Backup & Replication console to connect to the backup server only when managing the Veeam Cloud Connect infrastructure.
VBR;Veeam Backup & Replication console;Mount server;TCP;2500 to 3300;[Remote console only] Default range of ports used as data transmission channels. For every TCP connection that a job uses, one port from this range is assigned. This port is used if the mount server is not located on the console. Note: This range of ports applies to newly installed Veeam Backup & Replication starting from version 10.0, without upgrade from previous versions. If you have upgraded from an earlier version of the product, the range of ports from 2500 to 5000 applies to the already added components.
VBR;Veeam Backup & Replication console;Veeam AI Assistant (rest-ai.veeam.com);TCP;443;Default port for communication with the Veeam AI Assistant service.
VBR;Veeam Backup & Replication console;Nutanix AHV Plug-in for Veeam Backup & Replication;TCP;8543;Port used by the Veeam Backup & Replication console to communicate with Nutanix AHV Plug-in for Veeam Backup & Replication. This port is opened by default after you install Veeam Backup & Replication. If you do not use the plug-in, it is still recommended that you keep this port open to speed up the Veeam Backup & Replication console loading time.
VBR;Veeam Backup & Replication console;oVirt KVM Plug-in for Veeam Backup & Replication;TCP;8544;Port used by the Veeam Backup & Replication console to communicate with oVirt KVM Plug-in for Veeam Backup & Replication. This port is opened by default after you install Veeam Backup & Replication. If you do not use the plug-in, it is still recommended that you keep this port open to speed up the Veeam Backup & Replication console loading time.
VBR;Veeam Backup & Replication console;Proxmox Virtual Environment Plug-in for Veeam Backup & Replication;TCP;8545;Port used by the Veeam Backup & Replication console to communicate with Proxmox Virtual Environment Plug-in for Veeam Backup & Replication. This port is opened by default after you install Veeam Backup & Replication. If you do not use the plug-in, it is still recommended that you keep this port open to speed up the Veeam Backup & Replication console loading time.
VBR;Veeam Backup & Replication console;AWS Plug-in for Veeam Backup & Replication;TCP;9402;Port used by the Veeam Backup & Replication console to communicate with AWS Plug-in for Veeam Backup & Replication. This port is opened by default after you install Veeam Backup & Replication. If you do not use the plug-in, it is still recommended that you keep this port open to speed up the Veeam Backup & Replication console loading time.
VBR;Veeam Backup & Replication console;Google Cloud Plug-in for Veeam Backup & Replication;TCP;9403;Port used by the Veeam Backup & Replication console to communicate with Google Cloud Plug-in for Veeam Backup & Replication. This port is opened by default after you install Veeam Backup & Replication. If you do not use the plug-in, it is still recommended that you keep this port open to speed up the Veeam Backup & Replication console loading time.
VBR;Veeam Backup & Replication console;Kasten Plug-in for Veeam Backup & Replication;TCP;9404;Port used by the Veeam Backup & Replication console to communicate with Kasten Plug-in for Veeam Backup & Replication. This port is opened by default after you install Veeam Backup & Replication. If you do not use the plug-in, it is still recommended that you keep this port open to speed up the Veeam Backup & Replication console loading time.
VBR;Veeam Backup & Replication console;Microsoft Azure Plug-in for Veeam Backup & Replication;TCP;20443;Port used by the Veeam Backup & Replication console to communicate with Microsoft Azure Plug-in for Veeam Backup & Replication. This port is opened by default after you install Veeam Backup & Replication. If you do not use the plug-in, it is still recommended that you keep this port open to speed up the Veeam Backup & Replication console loading time.
VBR;Backup server;Backup proxy (Microsoft Windows);TCP;445 135;Required for deploying Veeam Backup & Replication components.
VBR;Backup server;Backup proxy (Microsoft Windows);TCP;6160;Default port used by Veeam Installer Service.
VBR;Backup server;Backup proxy (Microsoft Windows);TCP;6162;Default port used by Veeam Data Mover Service.
VBR;Backup server;Backup proxy (Microsoft Windows);TCP;49152 to 65535;Dynamic RPC port range for Microsoft Windows 2008 and later. For more information, see this Microsoft KB article . Note: If you use default Microsoft Windows firewall settings, you do not need to configure dynamic RPC ports. During setup, Veeam Backup & Replication automatically creates a firewall rule for the runtime process. If you use firewall settings other than default ones or application-aware processing fails with the "RPC function call failed" error, you need to configure dynamic RPC ports. For more information on how to configure RPC dynamic port allocation to work with firewalls, see this Microsoft KB article.
VBR;Backup server;Backup proxy (Linux);TCP;22;Default SSH port used as a control channel.
VBR;Backup server;Backup proxy (Linux);TCP;6160;Default port used by Veeam Installer Service for Linux.
VBR;Backup server;Backup proxy (Linux);TCP;6162;Default port used by Veeam Data Mover Service. You can specify a different port while adding the Linux server to the Veeam Backup & Replication infrastructure. Note that you can specify a different port only if there is no previously installed Veeam Data Mover on this Linux server. For more information, see Specify Credentials and SSH Settings.
VBR;Backup server;Backup proxy;TCP;2500 to 3300;Default range of ports used as data transmission channels and for collecting log files. For every TCP connection that a job uses, one port from this range is assigned. Note: This range of ports applies to newly installed Veeam Backup & Replication starting from version 10.0, without upgrade from previous versions. If you have upgraded from an earlier version of the product, the range of ports from 2500 to 5000 applies to the already added components.
VBR;Backup server;Backup proxy;TCP;6210;Default port used by the Veeam Backup VSS Integration Service for taking a VSS snapshot during the SMB file share backup.
VBR;Backup proxy;Backup server;TCP;2500 to 3300;Default range of ports used for malware detection metadata transfer.
VBR;Backup proxy;vCenter Server;TCP;443;Default VMware web service port that can be customized in vCenter settings.
VBR;Backup proxy;ESXi server;TCP;902;Default VMware port used for data transfer. This port is not required for VMware Cloud on AWS.
VBR;Backup proxy;ESXi server;TCP;443;Default VMware web service port that can be customized in ESXi host settings. Not required if vCenter connection is used. This port is not required for VMware Cloud on AWS.
VBR;Backup proxy;Gateway server;TCP;2500 to 3300;Default range of ports used as transmission channels. For every TCP connection that a job uses, one port from this range is assigned. Note: This range of ports applies to newly installed Veeam Backup & Replication starting from version 10.0, without upgrade from previous versions. If you have upgraded from an earlier version of the product, the range of ports from 2500 to 5000 applies to the already added components.
VBR;Backup proxy;Backup proxy;TCP;2500 to 3300;Default range of ports used as transmission channels for replication jobs. For every TCP connection that a job uses, one port from this range is assigned. Note: This range of ports applies to newly installed Veeam Backup & Replication starting from version 10.0, without upgrade from previous versions. If you have upgraded from an earlier version of the product, the range of ports from 2500 to 5000 applies to the already added components.
VBR;Backup server;Gateway server (Microsoft Windows);TCP;445 135;Required for deploying Veeam Backup & Replication components.
VBR;Backup server;Gateway server (Microsoft Windows);TCP;6160;Default port used by Veeam Installer Service.
VBR;Backup server;Gateway server (Microsoft Windows);TCP;6162;Default port used by Veeam Data Mover Service.
VBR;Backup server;Gateway server (Linux);TCP;22;Default SSH port used as a control channel.
VBR;Backup server;Gateway server (Linux);TCP;6160;Default port used by Veeam Installer Service for Linux.
VBR;Backup server;Gateway server (Linux);TCP;6162;Default port used by Veeam Data Mover Service. You can specify a different port while adding the Linux server to the Veeam Backup & Replication infrastructure. Note that you can specify a different port only if there is no previously installed Veeam Data Mover on this Linux server. For more information, see Specify Credentials and SSH Settings.
VBR;Backup server;Gateway server;TCP;2500 to 3300;Default range of ports used as transmission channels and for collecting log files. For every TCP connection that a job uses, one port from this range is assigned. Note: This range of ports applies to newly installed Veeam Backup & Replication starting from version 10.0, without upgrade from previous versions. If you have upgraded from an earlier version of the product, the range of ports from 2500 to 5000 applies to the already added components.
VBR;Backup proxy;Gateway server;TCP;2500 to 3300;Default range of ports used as transmission channels. For every TCP connection that a job uses, one port from this range is assigned. Note: This range of ports applies to newly installed Veeam Backup & Replication starting from version 10.0, without upgrade from previous versions. If you have upgraded from an earlier version of the product, the range of ports from 2500 to 5000 applies to the already added components.
VBR;Backup server;Backup repository (Microsoft Windows);TCP;445 135;Required for deploying Veeam Backup & Replication components.
VBR;Backup server;Backup repository (Microsoft Windows);TCP;6160;Default port used by Veeam Installer Service.
VBR;Backup server;Backup repository (Microsoft Windows);TCP;6162;Default port used by Veeam Data Mover Service.
VBR;Backup server;Backup repository (Microsoft Windows);TCP;49152 to 65535;Dynamic RPC port range for Microsoft Windows 2008 and later. For more information, see this Microsoft KB article . Note: If you use default Microsoft Windows firewall settings, you do not need to configure dynamic RPC ports. During setup, Veeam Backup & Replication automatically creates a firewall rule for the runtime process. If you use firewall settings other than default ones or application-aware processing fails with the "RPC function call failed" error, you need to configure dynamic RPC ports. For more information on how to configure RPC dynamic port allocation to work with firewalls, see this Microsoft KB article.
VBR;Backup server;Backup repository (Linux);TCP;22;Default SSH port used as a control channel.
VBR;Backup server;Backup repository (Linux);TCP;6160;Default port used by Veeam Installer Service for Linux.
VBR;Backup server;Backup repository (Linux);TCP;6162;Default port used by Veeam Data Mover Service. You can specify a different port while adding the Linux server to the Veeam Backup & Replication infrastructure. Note that you can specify a different port only if there is no previously installed Veeam Data Mover on this Linux server. For more information, see Specify Credentials and SSH Settings.
VBR;Backup server;Backup repository (Linux);TCP;2500 to 3300;Default range of ports used as transmission channels and for collecting log files. For every TCP connection that a job uses, one port from this range is assigned. Note: This range of ports applies to newly installed Veeam Backup & Replication starting from version 10.0, without upgrade from previous versions. If you have upgraded from an earlier version of the product, the range of ports from 2500 to 5000 applies to the already added components.
VBR;Backup repository (Linux);Backup server;TCP;2500 to 3300;Default range of ports used as transmission channels for copy backup operations if the backup server is used as the target backup repository. These ports are also required for file copy operations between the Linux backup repository and the backup server. For every TCP connection that a job uses, one port from this range is assigned. Note: This range of ports applies to newly installed Veeam Backup & Replication starting from version 10.0, without upgrade from previous versions. If you have upgraded from an earlier version of the product, the range of ports from 2500 to 5000 applies to the already added components.
VBR;Backup repository (Linux);Veeam Update Repository;TCP;443;Used by backup repositories created with the Veeam Hardened Repository ISO to download security and operating system updates. Veeam Update Repository endpoints: repository.veeam.com
VBR;Backup proxy;Backup repository;TCP;2500 to 3300;Default range of ports used as transmission channels. For every TCP connection that a job uses, one port from this range is assigned. Note: This range of ports applies to newly installed Veeam Backup & Replication starting from version 10.0, without upgrade from previous versions. If you have upgraded from an earlier version of the product, the range of ports from 2500 to 5000 applies to the already added components.
VBR;Source backup repository;Target backup repository;TCP;2500 to 3300;Default range of ports used as transmission channels for backup copy jobs and copy backup operations. For every TCP connection that a job uses, one port from this range is assigned. If the backup copy job utilizes WAN accelerators, make sure that ports specific for WAN accelerators are opened. Note: This range of ports applies to newly installed Veeam Backup & Replication starting from version 10.0, without upgrade from previous versions. If you have upgraded from an earlier version of the product, the range of ports from 2500 to 5000 applies to the already added components.
VBR;Gateway server or backup proxy;NFS backup repository;TCP, UDP;111, 2049;Standard NFS ports. Port 111 is used by the port mapper service. Also used as a transmission channel from the gateway server to the target NFS backup repository if a gateway server is specified explicitly in NFS backup repository settings.
VBR;Gateway server or backup proxy;NFS backup repository (NFS v3);TCP, UDP;mountd_port;Dynamic port used for mountd service. Can be assigned statically.
VBR;Gateway server or backup proxy;NFS backup repository (NFS v3);TCP, UDP;statd_port;Dynamic port used for statd service. Can be assigned statically.
VBR;Gateway server or backup proxy;NFS backup repository (NFS v3);TCP, UDP;lockd_port;Dynamic port used for lockd service. Can be assigned statically.
VBR;Gateway server or backup proxy;SMB (CIFS) backup repository (Microsoft Windows);TCP;445;Used as a transmission channel from the gateway server to the target SMB (CIFS) backup repository if a gateway server is specified explicitly in SMB (CIFS) backup repository settings.
VBR;Backup server or gateway server;Dell Data Domain;TCP;111;Port used to assign a random port for the mountd service used by NFS and DDBOOST. Mountd service port can be statically assigned.
VBR;Backup server or gateway server;Dell Data Domain;TCP;2049;Main port used by NFS. Can be modified using the ‘nfs set server-port’ command. Command requires SE mode.
VBR;Backup server or gateway server;Dell Data Domain;TCP;2052;Main port used by NFS MOUNTD. Can be modified using the 'nfs set mountd-port' command in SE mode.
VBR;Backup server;ExaGrid;TCP;22;Default command port used for communication with ExaGrid.
VBR;Backup proxy;ExaGrid;TCP;2500 to 3300;Default range of ports used for communication with the backup proxy. Note: This range of ports applies to newly installed Veeam Backup & Replication starting from version 10.0, without upgrade from previous versions. If you have upgraded from an earlier version of the product, the range of ports from 2500 to 5000 applies to the already added components.
VBR;Backup server or gateway server;HPE StoreOnce;TCP;9387;Default command port used for communication with HPE StoreOnce.
VBR;Backup server or gateway server;HPE StoreOnce;TCP;9388;Default data port used for communication with HPE StoreOnce.
VBR;Backup server;Quantum DXi;TCP;22;Default command port used for communication with Quantum DXi.
VBR;Backup proxy;Quantum DXi;TCP;2500 to 3300;Default range of ports used for communication with the backup proxy. Note: This range of ports applies to newly installed Veeam Backup & Replication starting from version 10.0, without upgrade from previous versions. If you have upgraded from an earlier version of the product, the range of ports from 2500 to 5000 applies to the already added components.
VBR;Backup server;Fujitsu ETERNUS CS800;TCP;22;Default command port used for communication with Fujitsu ETERNUS CS800.
VBR;Backup proxy;Fujitsu ETERNUS CS800;TCP;2500 to 3300;Default range of ports used for communication with the backup proxy. Note: This range of ports applies to newly installed Veeam Backup & Replication starting from version 10.0, without upgrade from previous versions. If you have upgraded from an earlier version of the product, the range of ports from 2500 to 5000 applies to the already added components.
VBR;Backup server;Infinidat InfiniGuard;TCP;22;Default command port used for communication with Infinidat InfiniGuard.
VBR;Backup proxy;Infinidat InfiniGuard;TCP;2500 to 3300;Default range of ports used for communication with the backup proxy. Note: This range of ports applies to newly installed Veeam Backup & Replication starting from version 10.0, without upgrade from previous versions. If you have upgraded from an earlier version of the product, the range of ports from 2500 to 5000 applies to the already added components.
VBR;Backup server;Veeam Data Cloud Vault;TCP;443;Used to communicate with the Microsoft Azure object storage through the following endpoints: <storage-account>.blob.core.windows.net <storage-account>.blob.storage.azure.net Consider that the <storage-account> part of the address must be replaced with the location name of your storage account. You can find the location name in the Cloud Management > Vault Subscriptions section of your Veeam Data Cloud account.
VBR;Backup server;Veeam Data Cloud Vault;TCP;80;Used to verify the certificate status through the following endpoints: ocsp.digicert.com ocsp.msocsp.com Consider that certificate verification endpoints (CRL URLs and OCSP servers) are subject to change. You can find the actual list of addresses in the certificate details in the following fields: CRL Distribution Points Authority Information Access For more details, see also this Microsoft article.
VBR;Backup proxy (direct connection)/Gateway server;Veeam Data Cloud Vault;TCP;443;Used to communicate with the Microsoft Azure object storage through the following endpoints: <storage-account>.blob.core.windows.net <storage-account>.blob.storage.azure.net Consider that the <storage-account> part of the address must be replaced with the location name of your storage account. You can find the location name in the Cloud Management > Vault Subscriptions section of your Veeam Data Cloud account.
VBR;Backup proxy (direct connection)/Gateway server;Veeam Data Cloud Vault;TCP;80;Used to verify the certificate status through the following endpoints: ocsp.digicert.com ocsp.msocsp.com Consider that certificate verification endpoints (CRL URLs and OCSP servers) are subject to change. You can find the actual list of addresses in the certificate details in the following fields: CRL Distribution Points Authority Information Access For more details, see also this Microsoft article.
VBR;Gateway server;Backup proxy (direct connection)/Gateway server or backup server;TCP;2500 to 3300;Default range of ports used as transmission channels. For every TCP connection that a job uses, one port from this range is assigned. Note: This range of ports applies to newly installed Veeam Backup & Replication starting from version 10.0, without upgrade from previous versions. If you have upgraded from an earlier version of the product, the range of ports from 2500 to 5000 applies to the already added components.
VBR;Gateway server;Backup proxy (direct connection)/Gateway server or backup server;TCP;2500 to 3300;Default range of ports used as transmission channels. For every TCP connection that a job uses, one port from this range is assigned. Note: This range of ports applies to newly installed Veeam Backup & Replication starting from version 10.0, without upgrade from previous versions. If you have upgraded from an earlier version of the product, the range of ports from 2500 to 5000 applies to the already added components.
VBR;Backup proxy (direct connection)/Gateway server or backup server;Amazon S3 object storage;TCP;443;Used to communicate with the Amazon S3 object storage through the following endpoints: *.amazonaws.com (for both Global and Government regions) *.amazonaws.com.cn (for China region) All AWS service endpoints are specified in the AWS documentation.
VBR;Backup proxy (direct connection)/Gateway server or backup server;Amazon S3 object storage;TCP;80;Used to verify the certificate status through the following endpoints: *.amazontrust.com Consider that certificate verification endpoints (CRL URLs and OCSP servers) are subject to change. You can find the actual list of addresses in the certificate details in the following fields: CRL Distribution Points Authority Information Access
VBR;Backup proxy (direct connection)/Gateway server or backup server;Microsoft Azure object storage;TCP;443;Used to communicate with the Microsoft Azure object storage through the following endpoints: <storage-account>.blob.core.windows.net (for Global region) <storage-account>.blob.storage.azure.net (for Global region) <storage-account>.blob.core.chinacloudapi.cn (for China region) <storage-account>.blob.core.usgovcloudapi.net (for Government region) Consider that the <storage-account> part of the address must be replaced with your actual storage account URL that can be found in the Azure management portal.
VBR;Backup proxy (direct connection)/Gateway server or backup server;Microsoft Azure object storage;TCP;80;Used to verify the certificate status through the following endpoints: ocsp.digicert.com ocsp.msocsp.com Consider that certificate verification endpoints (CRL URLs and OCSP servers) are subject to change. You can find the actual list of addresses in the certificate details in the following fields: CRL Distribution Points Authority Information Access For more details, see also this Microsoft article.
VBR;Backup proxy (direct connection)/Gateway server or backup server;Google Cloud storage;TCP;443;Used to communicate with Google Cloud storage through the following endpoints: storage.googleapis.com All cloud endpoints are specified in this Google article.
VBR;Backup proxy (direct connection)/Gateway server or backup server;Google Cloud storage;TCP;80;Used to verify the certificate status through the following endpoints: ocsp.pki.goog pki.goog crl.pki.goog Consider that certificate verification endpoints (CRL URLs and OCSP servers) are subject to change. You can find the actual list of addresses in the certificate details in the following fields: CRL Distribution Points Authority Information Access
VBR;Backup proxy (direct connection)/Gateway server or backup server;IBM Cloud object storage;TCP;Depends on device configuration;Used to communicate with IBM Cloud object storage.
VBR;Backup proxy (direct connection)/Gateway server or backup server;S3 compatible object storage;TCP;Depends on device configuration;Used to communicate with S3 compatible object storage.
VBR;Gateway server;Backup proxy (direct connection)/Gateway server or backup server;TCP;2500 to 3300;Default range of ports used as transmission channels. For every TCP connection that a job uses, one port from this range is assigned. Note: This range of ports applies to newly installed Veeam Backup & Replication starting from version 10.0, without upgrade from previous versions. If you have upgraded from an earlier version of the product, the range of ports from 2500 to 5000 applies to the already added components.
VBR;Gateway server or backup server;Amazon S3 object storage;TCP;443;Used to communicate with the Amazon S3 object storage through the following endpoints: *.amazonaws.com (for both Global and Government regions) *.amazonaws.com.cn (for China region) All AWS service endpoints are specified in the AWS documentation.
VBR;Gateway server or backup server;Amazon S3 object storage;TCP;80;Used to verify the certificate status through the following endpoints: *.amazontrust.com Consider that certificate verification endpoints (CRL URLs and OCSP servers) are subject to change. You can find the actual list of addresses in the certificate details in the following fields: CRL Distribution Points Authority Information Access
VBR;Gateway server or backup server;Microsoft Azure object storage;TCP;443;Used to communicate with the Microsoft Azure object storage through the following endpoints: <storage-account>.blob.core.windows.net (for Global region) <storage-account>.blob.storage.azure.net (for Global region) <storage-account>.blob.core.chinacloudapi.cn (for China region) <storage-account>.blob.core.usgovcloudapi.net (for Government region) Consider that the <storage-account> part of the address must be replaced with your actual storage account URL that can be found in the Azure management portal.
VBR;Gateway server or backup server;Microsoft Azure object storage;TCP;80;Used to verify the certificate status through the following endpoints: ocsp.digicert.com ocsp.msocsp.com Consider that certificate verification endpoints (CRL URLs and OCSP servers) are subject to change. You can find the actual list of addresses in the certificate details in the following fields: CRL Distribution Points Authority Information Access For more details, see also this Microsoft article.
VBR;Gateway server or backup server;Google Cloud storage;TCP;443;Used to communicate with Google Cloud storage through the following endpoints: storage.googleapis.com All cloud endpoints are specified in this Google article.
VBR;Gateway server or backup server;Google Cloud storage;TCP;80;Used to verify the certificate status through the following endpoints: ocsp.pki.goog pki.goog crl.pki.goog Consider that certificate verification endpoints (CRL URLs and OCSP servers) are subject to change. You can find the actual list of addresses in the certificate details in the following fields: CRL Distribution Points Authority Information Access
VBR;Gateway server or backup server;Amazon EC2 helper appliance;TCP;443;Used by default to communicate with the Amazon EC2 helper appliance through public/private IPv4 addresses of EC2 appliances. If you use Amazon S3 Glacier object storage, the gateway server should have direct connection to AWS service endpoints. HTTP/HTTPS proxy servers are not supported. If there is no gateway server selected, the backup server will be used as a gateway server.
VBR;Gateway server or backup server;Amazon EC2 helper appliance;TCP;22;Default SSH port used as a control channel.
VBR;Gateway server or backup server;Microsoft Azure proxy appliance;TCP;443;Used by default to communicate with the Microsoft Azure helper appliance through public/private IPv4 addresses of Azure appliances. If there is no gateway server selected, the backup server will be used as a gateway server.
VBR;Gateway server or backup server;Microsoft Azure proxy appliance;TCP;22;Default SSH port used as a control channel.
VBR;Amazon EC2 helper appliance;Amazon S3 object storage;TCP;443;Used to communicate with the Amazon S3 object storage through the following endpoints: *.amazonaws.com (for both Global and Government regions) *.amazonaws.com.cn (for China region) All AWS service endpoints are specified in the AWS documentation
VBR;Amazon EC2 helper appliance;Amazon S3 object storage;TCP;80;Used to verify the certificate status through the following endpoints: *.amazontrust.com Consider that certificate verification endpoints (CRL URLs and OCSP servers) are subject to change. You can find the actual list of addresses in the certificate details in the following fields: CRL Distribution Points Authority Information Access
VBR;Microsoft Azure proxy appliance;Microsoft Azure object storage;TCP;443;Used to communicate with the Microsoft Azure object storage through the following endpoints: <storage-account>.blob.core.windows.net (for Global region) <storage-account>.blob.storage.azure.net (for Global region) <storage-account>.blob.core.chinacloudapi.cn (for China region) <storage-account>.blob.core.usgovcloudapi.net (for Government region) Consider that the <storage-account> part of the address must be replaced with your actual storage account URL that can be found in the Azure management portal.
VBR;Microsoft Azure proxy appliance;Microsoft Azure object storage;TCP;80;Used to verify the certificate status through the following endpoints: ocsp.digicert.com ocsp.msocsp.com Consider that certificate verification endpoints (CRL URLs and OCSP servers) are subject to change. You can find the actual list of addresses in the certificate details in the following fields: CRL Distribution Points Authority Information Access For more details, see also this Microsoft article.
VBR;Backup server;VNX File;TCP;22;Default command port used for communication with Dell VNX File over SSH.
VBR;Backup server;VNX Block VNXe;TCP;443;Default port used for communication with Dell VNX Block/Dell VNXe over HTTPS and sending REST API calls.
VBR;Backup proxy;VNX Block VNXe;TCP;3260;Default iSCSI target port.
VBR;Backup proxy;VNX File VNXe;TCP, UDP;111, 2049;Standard NFS ports. Port 111 is used by the port mapper service.
VBR;Backup server;Dell Unity XT/Unity storage system;TCP;443;Default port used for communication with Dell Unity XT/Unity over HTTPS and sending REST API calls.
VBR;Backup proxy;Dell Unity XT/Unity storage system;TCP;3260;Default iSCSI target port.
VBR;Backup proxy;Dell Unity XT/Unity storage system;TCP, UDP;111, 2049;Standard NFS ports. Port 111 is used by the port mapper service.
VBR;Backup server;Dell PowerScale storage system;TCP;8080;Default port used for communication with Dell PowerScale over HTTPS and sending REST API calls.
VBR;Backup proxy;Dell PowerScale storage system;TCP, UDP;111, 2049;Standard NFS ports. Port 111 is used by the port mapper service.
VBR;Backup proxy;Dell PowerScale storage system;TCP;445;Standard SMB port.
VBR;Backup server;HPE 3PAR StoreServ storage system;TCP;8008;Default port used for communication with HPE 3PAR StoreServ over HTTP.
VBR;Backup server;HPE 3PAR StoreServ storage system;TCP;8080;Default port used for communication with HPE 3PAR StoreServ over HTTPS.
VBR;Backup server;HPE 3PAR StoreServ storage system;TCP;22;Default command port used for communication with HPE 3PAR StoreServ over SSH.
VBR;Backup proxy;HPE 3PAR StoreServ storage system;TCP;3260;Default iSCSI target port.
VBR;Backup server;HPE Alletra MP/Alletra 9000/Primera storage system;TCP;443;Default port used for communication with HPE Alletra MP/Alletra 9000/Primera over HTTPS.
VBR;Backup server;HPE Alletra MP/Alletra 9000/Primera storage system;TCP;22;Default command port used for communication with HPE Alletra MP/Alletra 9000/Primera over SSH.
VBR;Backup proxy;HPE Alletra MP/Alletra 9000/Primera storage system;TCP;3260;Default iSCSI target port.
VBR;Backup server;HPE StoreVirtual/LeftHand/P4000 series storage system;TCP;16022;Default command port used for communication with HPE StoreVirtual/LeftHand/P4000 series.
VBR;Backup proxy;HPE StoreVirtual/LeftHand/P4000 series storage system;TCP;3260;Default iSCSI target port.
VBR;Backup server;HPE Alletra 5000/Alletra 6000/Nimble storage system;TCP;5392;Default command port used for communication with HPE Alletra 5000/Alletra 6000/Nimble.
VBR;Backup proxy;HPE Alletra 5000/Alletra 6000/Nimble storage system;TCP;3260;Default iSCSI target port.
VBR;Backup server;Lenovo ThinkSystem DM/DG Series storage system;TCP;80;Default command port used for communication with Lenovo ThinkSystem DM/DG Series over HTTP.
VBR;Backup server;Lenovo ThinkSystem DM/DG Series storage system;TCP;443;Default command port used for communication with Lenovo ThinkSystem DM/DG Series over HTTPS.
VBR;Backup proxy;Lenovo ThinkSystem DM/DG Series storage system;TCP, UDP;111, 2049;Standard NFS ports. Port 111 is used by the port mapper service.
VBR;Backup proxy;Lenovo ThinkSystem DM/DG Series storage system;TCP;445;Standard SMB port.
VBR;Backup proxy;Lenovo ThinkSystem DM/DG Series storage system;TCP;3260;Default iSCSI target port.
VBR;Backup server;NetApp ONTAP storage system;TCP;80;Default command port used for communication with NetApp ONTAP over HTTP.
VBR;Backup server;NetApp ONTAP storage system;TCP;443;Default command port used for communication with NetApp ONTAP over HTTPS.
VBR;Backup proxy;NetApp ONTAP storage system;TCP, UDP;111, 2049;Standard NFS ports. Port 111 is used by the port mapper service.
VBR;Backup proxy;NetApp ONTAP storage system;TCP;445;Standard SMB port.
VBR;Backup proxy;NetApp ONTAP storage system;TCP;3260;Default iSCSI target port.
VBR;Backup server;Nutanix Files storage system;TCP;9440;Default port used for communication with Nutanix Files and sending REST API calls.
VBR;Backup proxy;Nutanix Files storage system;TCP, UDP;111, 2049;Standard NFS ports. Port 111 is used by the port mapper service.
VBR;Backup proxy;Nutanix Files storage system;TCP;445;Standard SMB port.
VBR;Backup server;DataCore SANsymphony storage system;TCP;443;Default command port used for communication with DataCore SANsymphony over HTTPS.
VBR;Backup proxy;DataCore SANsymphony storage system;TCP;3260;Default iSCSI target port.
VBR;Backup server;Dell SC Series storage system;TCP;3033;Default command port used for communication with Dell SC Series over HTTPS.
VBR;Backup proxy;Dell SC Series storage system;TCP;3260;Default iSCSI target port.
VBR;Backup server;Dell PowerMax storage system;TCP;8443;Default command port used for communication with Dell PowerMax over HTTPS.
VBR;Backup proxy;Dell PowerMax storage system;TCP;3260;Default iSCSI target port.
VBR;Backup server;Dell PowerStore storage system;TCP;443;Default command port used for communication with Dell PowerStore over HTTPS.
VBR;Backup proxy;Dell PowerStore storage system;TCP;3260;Default iSCSI target port.
VBR;Backup server;Fujitsu ETERNUS DX/AF storage system;TCP;22;Default command port used for communication with Fujitsu ETERNUS DX/AF over SSH.
VBR;Backup proxy;Fujitsu ETERNUS DX/AF storage system;TCP;3260;Default iSCSI target port.
VBR;Backup server;Hitachi VSP/VSP One Block storage system;TCP;443;Default command port used for communication with Hitachi VSP/VSP One Block over HTTPS.
VBR;Backup proxy;Hitachi VSP/VSP One Block storage system;TCP;3260;Default iSCSI target port.
VBR;Backup server;HPE XP storage system;TCP;443;Default command port used for communication with HPE XP over HTTPS.
VBR;Backup proxy;HPE XP storage system;TCP;3260;Default iSCSI target port.
VBR;Backup server;IBM FlashSystem storage system;TCP;22;Default command port used for communication with IBM FlashSystem over SSH.
VBR;Backup proxy;IBM FlashSystem storage system;TCP;3260;Default iSCSI target port.
VBR;Backup server;INFINIDAT InfiniBox storage system;TCP;443;Default command port used for communication with INFINIDAT InfiniBox over HTTPS.
VBR;Backup proxy;INFINIDAT InfiniBox storage system;TCP;3260;Default iSCSI target port.
VBR;Backup server;NEC Storage M Series storage system;TCP;22;Default command port used for communication with NEC Storage M Series over SSH.
VBR;Backup proxy;NEC Storage M Series storage system;TCP;3260;Default iSCSI target port.
VBR;Backup server;NEC Storage V Series storage system;TCP;443;Default command port used for communication with NEC Storage V Series over HTTPS.
VBR;Backup proxy;NEC Storage V Series storage system;TCP;3260;Default iSCSI target port.
VBR;Backup server;NetApp SolidFire/HCI storage system;TCP;443;Default command port used for communication with NetApp SolidFire/HCI over HTTPS.
VBR;Backup proxy;NetApp SolidFire/HCI storage system;TCP;3260;Default iSCSI target port.
VBR;Backup server;Pure Storage FlashArray system;TCP;443;Default command port used for communication with Pure Storage FlashArray over HTTPS.
VBR;Backup proxy;Pure Storage FlashArray system;TCP;3260;Default iSCSI target port.
VBR;Backup server;Tintri IntelliFlash system;TCP;443;Default command port used for communication with Tintri IntelliFlash over HTTPS.
VBR;Backup proxy;Tintri IntelliFlash system;TCP;3260;Default iSCSI target port.
VBR;Backup proxy;Tintri IntelliFlash system;TCP, UDP;111, 2049;Standard NFS ports. Port 111 is used by the port mapper service.
VBR;Backup proxy;File server;TCP;2500 to 3300;Default range of ports used as transmission channels. For every TCP connection that a job uses, one port from this range is assigned. Note: This range of ports applies to newly installed Veeam Backup & Replication starting from version 10.0, without upgrade from previous versions. If you have upgraded from an earlier version of the product, the range of ports from 2500 to 5000 applies to the already added components.
VBR;Backup proxy;NAS filer (NetApp Data ONTAP or Lenovo ThinkSystem DM/DG Series storage system);TCP, UDP;111, 2049;Standard NFS ports. Port 111 is used by the port mapper service.
VBR;Backup proxy;NAS filer (NetApp Data ONTAP or Lenovo ThinkSystem DM/DG Series storage system);TCP;445;Standard SMB port.
VBR;Backup proxy;NAS filer (NetApp Data ONTAP or Lenovo ThinkSystem DM/DG Series storage system);TCP;3260;Default iSCSI target port.
VBR;Backup proxy;NAS filer (NetApp Data ONTAP or Lenovo ThinkSystem DM/DG Series storage system);TCP;80, 443;Used by NetApp SnapDiff when changed file tracking (CFT) is enabled.
VBR;Backup proxy;NAS filer (Dell PowerScale (formerly Isilon) or Nutanix Files storage system);TCP, UDP;111, 2049;Standard NFS ports. Port 111 is used by the port mapper service.
VBR;Backup proxy;NAS filer (Dell PowerScale (formerly Isilon) or Nutanix Files storage system);TCP;445;Standard SMB port.
VBR;Backup proxy or tape server;NFS share;TCP, UDP;111, 2049;Standard NFS ports. Port 111 is used by the port mapper service.
VBR;Backup proxy or tape server;SMB share;TCP;445;Standard SMB port.
VBR;Backup proxy or tape server;Amazon S3 object storage;TCP;443;Used to communicate with the Amazon S3 object storage through the following endpoints: *.amazonaws.com (for both Global and Government regions) *.amazonaws.com.cn (for China region) All AWS service endpoints are specified in the AWS documentation.
VBR;Backup proxy or tape server;Amazon S3 object storage;TCP;80;Used to verify the certificate status through the following endpoints: *.amazontrust.com Consider that certificate verification endpoints (CRL URLs and OCSP servers) are subject to change. You can find the actual list of addresses in the certificate details in the following fields: CRL Distribution Points Authority Information Access
VBR;Backup proxy or tape server;Microsoft Azure object storage;TCP;443;Used to communicate with the Microsoft Azure object storage through the following endpoints: <storage-account>.blob.core.windows.net (for Global region) <storage-account>.blob.storage.azure.net (for Global region) <storage-account>.blob.core.chinacloudapi.cn (for China region) <storage-account>.blob.core.usgovcloudapi.net (for Government region) Consider that the <storage-account> part of the address must be replaced with your actual storage account URL that can be found in the Azure management portal.
VBR;Backup proxy or tape server;Microsoft Azure object storage;TCP;80;Used to verify the certificate status through the following endpoints: ocsp.digicert.com ocsp.msocsp.com Consider that certificate verification endpoints (CRL URLs and OCSP servers) are subject to change. You can find the actual list of addresses in the certificate details in the following fields: CRL Distribution Points Authority Information Access For more details, see also this Microsoft article.
VBR;Backup proxy or tape server;S3 compatible object storage;TCP;Depends on device configuration;Used to communicate with S3 compatible object storage.
VBR;Backup proxy;Cache repository;TCP;2500 to 3300;Default range of ports used as transmission channels. For every TCP connection that a job uses, one port from this range is assigned. Note: This range of ports applies to newly installed Veeam Backup & Replication starting from version 10.0, without upgrade from previous versions. If you have upgraded from an earlier version of the product, the range of ports from 2500 to 5000 applies to the already added components.
VBR;Cache repository;Backup proxy;TCP;2500 to 3300;Default range of ports used as transmission channels. For every TCP connection that a job uses, one port from this range is assigned. Note: This range of ports applies to newly installed Veeam Backup & Replication starting from version 10.0, without upgrade from previous versions. If you have upgraded from an earlier version of the product, the range of ports from 2500 to 5000 applies to the already added components.
VBR;Cache repository;Primary or secondary backup repository;TCP;2500 to 3300;Default range of ports used as transmission channels for file share backup restore jobs. For every TCP connection that a job uses, one port from this range is assigned. Note: This range of ports applies to newly installed Veeam Backup & Replication starting from version 10.0, without upgrade from previous versions. If you have upgraded from an earlier version of the product, the range of ports from 2500 to 5000 applies to the already added components.
VBR;Primary backup repository;Archive repository;TCP;2500 to 3300;Default range of ports used as transmission channels. For every TCP connection that a job uses, one port from this range is assigned. Note: This range of ports applies to newly installed Veeam Backup & Replication starting from version 10.0, without upgrade from previous versions. If you have upgraded from an earlier version of the product, the range of ports from 2500 to 5000 applies to the already added components.
VBR;Backup server;Tape server;TCP;445, 135;Required for deploying Veeam Backup & Replication components.
VBR;Backup server;Tape server;TCP;2500 to 3300;Default range of ports used as data transmission channels and for collecting log files. For every TCP connection that a job uses, one port from this range is assigned. Note: This range of ports applies to newly installed Veeam Backup & Replication starting from version 10.0, without upgrade from previous versions. If you have upgraded from an earlier version of the product, the range of ports from 2500 to 5000 applies to the already added components.
VBR;Backup server;Tape server;TCP;6160;Default port used by Veeam Installer Service.
VBR;Backup server;Tape server;TCP;6162;Default port used by Veeam Data Mover Service.
VBR;Backup server;Tape server;TCP;6166;Controlling port for RPC calls.
VBR;Backup server;Tape server;TCP;49152 to 65535;Dynamic RPC port range for Microsoft Windows 2008 and later. For more information, see this Microsoft KB article . Note: If you use default Microsoft Windows firewall settings, you do not need to configure dynamic RPC ports. During setup, Veeam Backup & Replication automatically creates a firewall rule for the runtime process. If you use firewall settings other than default ones or application-aware processing fails with the "RPC function call failed" error, you need to configure dynamic RPC ports. For more information on how to configure RPC dynamic port allocation to work with firewalls, see this Microsoft KB article.
VBR;Tape server;Backup server;TCP;2500 to 3300;Default range of ports used as data transmission channels. For every TCP connection that a job uses, one port from this range is assigned. Note: This range of ports applies to newly installed Veeam Backup & Replication starting from version 10.0, without upgrade from previous versions. If you have upgraded from an earlier version of the product, the range of ports from 2500 to 5000 applies to the already added components.
VBR;Tape server;Backup repository or gateway server;TCP;2500 to 3300;Default range of ports used as data transmission channels. For every TCP connection that a job uses, one port from this range is assigned. Note: This range of ports applies to newly installed Veeam Backup & Replication starting from version 10.0, without upgrade from previous versions. If you have upgraded from an earlier version of the product, the range of ports from 2500 to 5000 applies to the already added components.
VBR;Tape server;NFS share;TCP, UDP;111, 2049;Standard NFS ports. Port 111 is used by the port mapper service.
VBR;Tape server;SMB share;TCP;445;Standard SMB port.
VBR;Backup server;WAN accelerator (source and target);TCP;445, 135;Required for deploying Veeam Backup & Replication components.
VBR;Backup server;WAN accelerator (source and target);TCP;6160;Default port used by Veeam Installer Service.
VBR;Backup server;WAN accelerator (source and target);TCP;6162;Default port used by Veeam Data Mover Service.
VBR;Backup server;WAN accelerator (source and target);TCP;6164;Controlling port for RPC calls.
VBR;Backup server;WAN accelerator (source and target);TCP;6220;Port used for traffic control (throttling) for tenants that use WAN accelerators. This port is required only in the Veeam Cloud Connect infrastructure.
VBR;Backup server;WAN accelerator (source and target);TCP;49152 to 65535;Dynamic RPC port range for Microsoft Windows 2008 and later. For more information, see this Microsoft KB article . Note: If you use default Microsoft Windows firewall settings, you do not need to configure dynamic RPC ports. During setup, Veeam Backup & Replication automatically creates a firewall rule for the runtime process. If you use firewall settings other than default ones or application-aware processing fails with the "RPC function call failed" error, you need to configure dynamic RPC ports. For more information on how to configure RPC dynamic port allocation to work with firewalls, see this Microsoft KB article.
VBR;WAN accelerator (target);Backup repository (target);TCP;2500 to 3300;Default range of ports used as data transmission channels. For every TCP connection that a job uses, one port from this range is selected dynamically. Note: This range of ports applies to newly installed Veeam Backup & Replication starting from version 10.0, without upgrade from previous versions. If you have upgraded from an earlier version of the product, the range of ports from 2500 to 5000 applies to the already added components.
VBR;WAN accelerator (source);Backup repository (source);TCP;2500 to 3300;Default range of ports used as data transmission channels. For every TCP connection that a job uses, one port from this range is selected dynamically. Note: This range of ports applies to newly installed Veeam Backup & Replication starting from version 10.0, without upgrade from previous versions. If you have upgraded from an earlier version of the product, the range of ports from 2500 to 5000 applies to the already added components.
VBR;WAN accelerator (source and target);WAN accelerator (source and target);TCP;6164;Controlling port for RPC calls.
VBR;WAN accelerator (source and target);WAN accelerator (source and target);TCP;6165;Default port used for data transfer between WAN accelerators. Ensure this port is open in firewall between sites where WAN accelerators are deployed.
VBR;Backup server;VM guest OS (Linux);TCP;22;Default SSH port used as a control channel.
VBR;Backup server;Guest interaction proxy;TCP;6190;Used for communication with the guest interaction proxy.
VBR;Backup server;Guest interaction proxy;TCP;6290;Used as a control channel for communication with the guest interaction proxy.
VBR;Backup server;Guest interaction proxy;TCP;445;Port used as a transmission channel.
VBR;Guest interaction proxy;ESXi server;TCP;443;Default port used for connections to ESXi host. [For VMware vSphere earlier than 6.5] Not required if vCenter connection is used. In VMware vSphere versions 6.5 and later, port 443 is required by vCenter Web Services.
VBR;Guest interaction proxy;VM guest OS (Microsoft Windows);TCP;445 135;Required to deploy the runtime coordination process on the VM guest OS.
VBR;Guest interaction proxy;VM guest OS (Microsoft Windows);TCP;2500 to 3300;Default range of ports used as transmission channels for log shipping. Note: This range of ports applies to newly installed Veeam Backup & Replication starting from version 10.0, without upgrade from previous versions. If you have upgraded from an earlier version of the product, the range of ports from 2500 to 5000 applies to the already added components.
VBR;Guest interaction proxy;VM guest OS (Microsoft Windows);TCP;49152 to 65535;Dynamic RPC port range for Microsoft Windows 2008 and later. For more information, see this Microsoft KB article . Used by the runtime process deployed inside the VM for guest OS interaction (when working over the network, not over VIX API) . Note: If you use default Microsoft Windows firewall settings, you do not need to configure dynamic RPC ports. During setup, Veeam Backup & Replication automatically creates a firewall rule for the runtime process. If you use firewall settings other than default ones or application-aware processing fails with the "RPC function call failed" error, you need to configure dynamic RPC ports. For more information on how to configure RPC dynamic port allocation to work with firewalls, see this Microsoft KB article.
VBR;Guest interaction proxy;VM guest OS (Linux);TCP;22;Default SSH port used as a control channel.
VBR;Guest interaction proxy;VM guest OS (Linux);TCP;2500 to 3300;Default range of ports used as transmission channels for log shipping. Note: This range of ports applies to newly installed Veeam Backup & Replication starting from version 10.0, without upgrade from previous versions. If you have upgraded from an earlier version of the product, the range of ports from 2500 to 5000 applies to the already added components.
VBR;VM guest OS;Guest interaction proxy;TCP;2500 to 3300;Default range of ports used as transmission channels for log shipping. Note: This range of ports applies to newly installed Veeam Backup & Replication starting from version 10.0, without upgrade from previous versions. If you have upgraded from an earlier version of the product, the range of ports from 2500 to 5000 applies to the already added components.
VBR;Backup server;VM guest OS (Linux);TCP;6160;Default port used by Veeam Installer Service for Linux.
VBR;Backup server;VM guest OS (Linux);TCP;6162;Default Management Agent port. Required if it is used as a control channel instead of SSH.
VBR;Guest interaction proxy;VM guest OS;TCP;6160 11731;Default port and failover port used by Veeam Installer Service.
VBR;Guest interaction proxy;VM guest OS;TCP;6173 2500;Used by the Veeam Guest Helper for guest OS processing and file-level restore.
VBR;Backup server;Log shipping server;TCP;445 135;Required for deploying Veeam Backup & Replication components.
VBR;Backup server;Log shipping server;TCP;6160;Default port used by Veeam Installer Service.
VBR;Backup server;Log shipping server;TCP;6162;Default port used by Veeam Data Mover Service.
VBR;Backup server;Log shipping server;TCP;49152 to 65535;Dynamic RPC port range for Microsoft Windows 2008 and later. For more information, see this Microsoft KB article . Note: If you use default Microsoft Windows firewall settings, you do not need to configure dynamic RPC ports. During setup, Veeam Backup & Replication automatically creates a firewall rule for the runtime process. If you use firewall settings other than default ones or application-aware processing fails with the "RPC function call failed" error, you need to configure dynamic RPC ports. For more information on how to configure RPC dynamic port allocation to work with firewalls, see this Microsoft KB article.
VBR;Log shipping server;Backup repository or gateway server;TCP;2500 to 3300;Default range of ports used for communication with a backup repository and transfer log backups. By default, the log shipping server connects to the backup repository. However, if the target repository uses a gateway server, the connection will be established with that instead. For more information, see Gateway Servers . Note: This range of ports applies to newly installed Veeam Backup & Replication starting from version 10.0, without upgrade from previous versions. If you have upgraded from an earlier version of the product, the range of ports from 2500 to 5000 applies to the already added components.
VBR;Guest interaction proxy;MS SQL VM guest OS;TCP;445 135;[Non-persistent runtime components only] Required for deploying Veeam Backup & Replication components including Veeam Log Shipper runtime component. These ports are NOT required when working in networkless mode over VMware VIX/vSphere Web Services.
VBR;Guest interaction proxy;MS SQL VM guest OS;TCP;2500 to 3300;Default range of ports used for communication with a guest OS. These ports are NOT required when working in networkless mode over VMware VIX/vSphere Web Services . Note: This range of ports applies to newly installed Veeam Backup & Replication starting from version 10.0, without upgrade from previous versions. If you have upgraded from an earlier version of the product, the range of ports from 2500 to 5000 applies to the already added components.
VBR;Guest interaction proxy;MS SQL VM guest OS;TCP;49152 to 65535;[Non-persistent runtime components only] Dynamic RPC port range for Microsoft Windows 2008 and later. For more information, see this Microsoft KB article . These ports are NOT required when working in networkless mode over VMware VIX/vSphere Web Services . Note: If you use default Microsoft Windows firewall settings, you do not need to configure dynamic RPC ports. During setup, Veeam Backup & Replication automatically creates a firewall rule for the runtime process. If you use firewall settings other than default ones or application-aware processing fails with the "RPC function call failed" error, you need to configure dynamic RPC ports. For more information on how to configure RPC dynamic port allocation to work with firewalls, see this Microsoft KB article.
VBR;Guest interaction proxy;MS SQL VM guest OS;TCP;6160 11731;[Persistent agent components only] Default port and failover port used by Veeam Installer Service.
VBR;Guest interaction proxy;MS SQL VM guest OS;TCP;6167;Used by the Veeam Log Shipping Service for preparing the database and taking logs.
VBR;MS SQL VM guest OS;Guest interaction proxy;TCP;2500 to 3300;Default range of ports used for communication with a guest interaction proxy. These ports are NOT required when working in networkless mode over VMware VIX/vSphere Web Services . Note: This range of ports applies to newly installed Veeam Backup & Replication starting from version 10.0, without upgrade from previous versions. If you have upgraded from an earlier version of the product, the range of ports from 2500 to 5000 applies to the already added components.
VBR;MS SQL VM guest OS;Backup repository;TCP;2500 to 3300;Default range of ports used for communication with a backup repository and transfer log backups. Should be opened if log shipping servers are not used in the infrastructure and the MS SQL server has a direct connection to the backup repository. Note: This range of ports applies to newly installed Veeam Backup & Replication starting from version 10.0, without upgrade from previous versions. If you have upgraded from an earlier version of the product, the range of ports from 2500 to 5000 applies to the already added components.
VBR;MS SQL VM guest OS;Log shipping server;TCP;2500 to 3300;Default range of ports used for communication with a log shipping server and transfer log backups. Note: This range of ports applies to newly installed Veeam Backup & Replication starting from version 10.0, without upgrade from previous versions. If you have upgraded from an earlier version of the product, the range of ports from 2500 to 5000 applies to the already added components.
VBR;Guest interaction proxy;Oracle VM guest OS (Microsoft Windows);TCP;445 135;[Non-persistent runtime components only] Required for deploying Veeam Backup & Replication components including Veeam Log Shipper runtime component. These ports are NOT required when working in networkless mode over VMware VIX/vSphere Web Services.
VBR;Guest interaction proxy;Oracle VM guest OS (Microsoft Windows);TCP;2500 to 3300;Default range of ports used for communication with a guest OS. These ports are NOT required when working in networkless mode over VMware VIX/vSphere Web Services . Note: This range of ports applies to newly installed Veeam Backup & Replication starting from version 10.0, without upgrade from previous versions. If you have upgraded from an earlier version of the product, the range of ports from 2500 to 5000 applies to the already added components.
VBR;Guest interaction proxy;Oracle VM guest OS (Microsoft Windows);TCP;49152 to 65535;[Non-persistent runtime components only] Dynamic RPC port range for Microsoft Windows 2008 and later. For more information, see this Microsoft KB article . These ports are NOT required when working in networkless mode over VMware VIX/vSphere Web Services . Note: If you use default Microsoft Windows firewall settings, you do not need to configure dynamic RPC ports. During setup, Veeam Backup & Replication automatically creates a firewall rule for the runtime process. If you use firewall settings other than default ones or application-aware processing fails with the "RPC function call failed" error, you need to configure dynamic RPC ports. For more information on how to configure RPC dynamic port allocation to work with firewalls, see this Microsoft KB article.
VBR;Guest interaction proxy;Oracle VM guest OS (Microsoft Windows);TCP;6160 11731;[Persistent agent components only] Default port and failover port used by Veeam Installer Service.
VBR;Guest interaction proxy;Oracle VM guest OS (Microsoft Windows);TCP;6167;Used by the Veeam Log Shipping Service for preparing the database and taking logs.
VBR;Guest interaction proxy;Oracle VM guest OS (Linux);TCP;22;[Non-persistent runtime components only] Default SSH port used as a control channel. This port is NOT required when working in networkless mode over VMware VIX/vSphere Web Services.
VBR;Guest interaction proxy;Oracle VM guest OS (Linux);TCP;6162;[Persistent agent components only] Default Management Agent port. Required if it is used as a control channel instead of SSH.
VBR;Guest interaction proxy;Oracle VM guest OS (Linux);TCP;2500 to 3300;Default range of ports used for communication with a guest OS. These ports are NOT required when working in networkless mode over VMware VIX/vSphere Web Services . Note: This range of ports applies to newly installed Veeam Backup & Replication starting from version 10.0, without upgrade from previous versions. If you have upgraded from an earlier version of the product, the range of ports from 2500 to 5000 applies to the already added components.
VBR;Oracle VM guest OS;Guest interaction proxy;TCP;2500 to 3300;Default range of ports used for communication with a guest interaction proxy. These ports are NOT required when working in networkless mode over VMware VIX/vSphere Web Services . Note: This range of ports applies to newly installed Veeam Backup & Replication starting from version 10.0, without upgrade from previous versions. If you have upgraded from an earlier version of the product, the range of ports from 2500 to 5000 applies to the already added components.
VBR;Oracle VM guest OS;Backup repository;TCP;2500 to 3300;Default range of ports used for communication with a backup repository and transfer log backups. Should be opened if log shipping servers are not used in the infrastructure and the Oracle server has a direct connection to the backup repository. Note: This range of ports applies to newly installed Veeam Backup & Replication starting from version 10.0, without upgrade from previous versions. If you have upgraded from an earlier version of the product, the range of ports from 2500 to 5000 applies to the already added components.
VBR;Oracle VM guest OS;Log shipping server;TCP;2500 to 3300;Default range of ports used for communication with a log shipping server and transfer log backups. Note: This range of ports applies to newly installed Veeam Backup & Replication starting from version 10.0, without upgrade from previous versions. If you have upgraded from an earlier version of the product, the range of ports from 2500 to 5000 applies to the already added components.
VBR;Guest interaction proxy;PostgreSQL VM guest OS;TCP;22;[Non-persistent runtime components only] Default SSH port used as a control channel. This port is NOT required when working in networkless mode over vSphere Web Services.
VBR;Guest interaction proxy;PostgreSQL VM guest OS;TCP;6162;[Persistent agent components only] Default Management Agent port. Required if it is used as a control channel instead of SSH.
VBR;Guest interaction proxy;PostgreSQL VM guest OS;TCP;2500 to 3300;Default range of ports used for communication with a guest OS. This port is NOT required when working in networkless mode over vSphere Web Services . Note: This range of ports applies to newly installed Veeam Backup & Replication starting from version 10.0, without upgrade from previous versions. If you have upgraded from an earlier version of the product, the range of ports from 2500 to 5000 applies to the already added components.
VBR;PostgreSQL VM guest OS;Guest interaction proxy;TCP;2500 to 3300;Default range of ports used for communication with a guest interaction proxy. This port is NOT required when working in networkless mode over vSphere Web Services . Note: This range of ports applies to newly installed Veeam Backup & Replication starting from version 10.0, without upgrade from previous versions. If you have upgraded from an earlier version of the product, the range of ports from 2500 to 5000 applies to the already added components.
VBR;PostgreSQL VM guest OS;Backup repository;TCP;2500 to 3300;Default range of ports used for communication with a backup repository and transfer log backups. Should be opened if log shipping servers are not used in the infrastructure and the PostgreSQL server has a direct connection to the backup repository. Note: This range of ports applies to newly installed Veeam Backup & Replication starting from version 10.0, without upgrade from previous versions. If you have upgraded from an earlier version of the product, the range of ports from 2500 to 5000 applies to the already added components.
VBR;PostgreSQL VM guest OS;Log shipping server;TCP;2500 to 3300;Default range of ports used for communication with a log shipping server and transfer log backups. Note: This range of ports applies to newly installed Veeam Backup & Replication starting from version 10.0, without upgrade from previous versions. If you have upgraded from an earlier version of the product, the range of ports from 2500 to 5000 applies to the already added components.
VBR;ESXi host (source);CDP proxy (source);TCP;33032;Default port used as a transmission channel to the source CDP proxy.
VBR;ESXi host (source);ESXi host (source);TCP;33033 (local);Port used locally on the source ESXi host for data transfer between I/O filter components. Note : Local ports do not require specific firewall rules. Make sure that this port is not used by another software. Otherwise, this can affect Veeam Backup & Replication functionality.
VBR;ESXi host (source);ESXi host (source);TCP;33035 (local);Port used locally on the source ESXi host for data transfer between I/O filter components over shared-memory. Note : Local ports do not require specific firewall rules. Make sure that this port is not used by another software. Otherwise, this can affect Veeam Backup & Replication functionality.
VBR;ESXi host (source);ESXi host (source);TCP;33036;Port used on the source ESXi host for communication between CDP components over HTTPS without HTTP Reverse Proxy.
VBR;ESXi host (source);ESXi host (source);TCP;33038 (local);Port used locally on the source ESXi host for communication between CDP components over HTTPS. Note : Local ports do not require specific firewall rules. Make sure that this port is not used by another software. Otherwise, this can affect Veeam Backup & Replication functionality.
VBR;ESXi host (source);ESXi host (source);TCP;33039 (local);Port used locally on the source ESXi host for control notifications between I/O filter components. Note : Local ports do not require specific firewall rules. Make sure that this port is not used by another software. Otherwise, this can affect Veeam Backup & Replication functionality.
VBR;CDP proxy (source);CDP proxy (target);TCP;33033;Default port used as a transmission channel to the target CDP proxy.
VBR;CDP proxy (source);ESXi host (source and target);TCP;902;Default VMware port used for data transfer. Used during initial synchronization and restore operations.
VBR;CDP proxy (source);vCenter Server (source and target);TCP;443;Default VMware web service port that can be customized in vCenter settings. Used during initial synchronization and restore operations.
VBR;CDP proxy (target);ESXi host (target);TCP;33032;Default port used as a transmission channel to the target ESXi host.
VBR;CDP proxy (target);ESXi host (source and target);TCP;902;Default VMware port used for data transfer. Used during initial synchronization and restore operations.
VBR;CDP proxy (target);vCenter Server (source and target);TCP;443;Default VMware web service port that can be customized in vCenter settings. Used during initial synchronization and restore operations.
VBR;ESXi host (target);ESXi host (target);TCP;33034 (local);Port used locally on the target ESXi host for communication between the I/O filter components during failover. Note : Local ports do not require specific firewall rules. Make sure that this port is not used by another software. Otherwise, this can affect Veeam Backup & Replication functionality.
VBR;ESXi host (target);ESXi host (target);TCP;33036;Port used on the target ESXi host for communication between CDP components over HTTPS without HTTP Reverse Proxy.
VBR;ESXi host (target);ESXi host (target);TCP;33038 (local);Port used locally on the target ESXi host for communication between CDP components over HTTPS. Note : Local ports do not require specific firewall rules. Make sure that this port is not used by another software. Otherwise, this can affect Veeam Backup & Replication functionality.
VBR;Backup server;ESXi host (source and target);TCP;443;Port used as a control channel.
VBR;Backup server;ESXi host (source and target);TCP;33035;Port used to install I/O filter components on the ESXi hosts.
VBR;Backup server;vCenter Server (source and target);TCP;443;Port used as a control channel.
VBR;Backup server;CDP proxy (source and target);TCP;6182;Port used as a control channel.
VBR;Backup server;Backup server;TCP;9509 (local);Port used locally on the backup server for communication between Veeam Backup Service and Veeam CDP Coordinator Service. Note : Local ports do not require specific firewall rules. Make sure that this port is not used by another software. Otherwise, this can affect Veeam Backup & Replication functionality.
VBR;ESXi host (source and target);Backup server;TCP;33034;Port used for communication with Veeam CDP Coordinator Service.
VBR;ESXi host (source and target);Backup server;TCP;33035;Port used to install I/O filter components on the ESXi hosts.
VBR;vCenter Server (source and target);Backup server;TCP;33034;Port used for communication with Veeam CDP Coordinator Service.
VBR;vCenter Server (source and target);Backup server;TCP;33035;Port used to install I/O filter components on the vCenter servers.
VBR;CDP proxy (source and target);Backup server;TCP;33034;Port used for communication with Veeam CDP Coordinator Service.
VBR;Mount server;Backup server;TCP;9401;Used for communication with the Veeam Backup Service.
VBR;Mount server;Backup repository;TCP;2500 to 3300;Default range of ports used for communication with a backup repository. Note: This range of ports applies to newly installed Veeam Backup & Replication starting from version 10.0, without upgrade from previous versions. If you have upgraded from an earlier version of the product, the range of ports from 2500 to 5000 applies to the already added components.
VBR;Mount server;ESXi host;TCP;443;Default port used for connections to the ESXi host if Windows file-level restore is performed over VIX API.
VBR;Mount server;vCenter server;TCP;443;Default port used for connections to the vCenter server if Windows file-level restore is performed using vCenter Web Services.
VBR;Mount server;Veeam Signature Update Server;TCP;443;Default port used by Veeam Threat Hunter to download information about new malware signatures from the Veeam Signature Update Server over HTTPS. Veeam Signature Update Server endpoints: avupdate.veeam.com
VBR;Mount server;Mount server;TCP;6175 (local);Used locally for communication with the Veeam Threat Hunter Service. Note : Local ports do not require specific firewall rules. Make sure that this port is not used by another software. Otherwise, this can affect Veeam Backup & Replication functionality.
VBR;Backup server;Mount server;TCP;445;Required for deploying Veeam Backup & Replication components.
VBR;Backup server;Mount server;TCP;2500 to 3300;Default range of ports used for communication with a mount server and for collecting log files. Note: This range of ports applies to newly installed Veeam Backup & Replication starting from version 10.0, without upgrade from previous versions. If you have upgraded from an earlier version of the product, the range of ports from 2500 to 5000 applies to the already added components.
VBR;Backup server;Mount server;TCP;6160;Default port used by Veeam Installer Service including checking the compatibility between components before starting the recovery process.
VBR;Backup server;Mount server;TCP;6162;Default port used by Veeam Data Mover Service.
VBR;Backup server;Mount server;TCP;6170;Used for communication with a local or remote Mount Service.
VBR;Backup server;Mount server;TCP;49152 to 65535;Dynamic RPC port range for Microsoft Windows 2008 and later. For more information, see this Microsoft KB article . Note: If you use default Microsoft Windows firewall settings, you do not need to configure dynamic RPC ports. During setup, Veeam Backup & Replication automatically creates a firewall rule for the runtime process. If you use firewall settings other than default ones or application-aware processing fails with the "RPC function call failed" error, you need to configure dynamic RPC ports. For more information on how to configure RPC dynamic port allocation to work with firewalls, see this Microsoft KB article.
VBR;Helper appliance;Backup repository;TCP;2500 to 3300;Default range of ports used for communication with a backup repository. Note: This range of ports applies to newly installed Veeam Backup & Replication starting from version 10.0, without upgrade from previous versions. If you have upgraded from an earlier version of the product, the range of ports from 2500 to 5000 applies to the already added components.
VBR;Helper appliance;ESXi server;TCP;443;Default port used for connections to the ESXi host if restore is performed over VIX API/ Web Services. [For VMware vSphere earlier than 6.5] Not required if vCenter connection is used. In VMware vSphere versions 6.5 and later, port 443 is required by vSphere Web Services.
VBR;Backup server;Helper appliance;TCP;22;Default SSH port used as a control channel.
VBR;Backup server;Helper appliance;TCP;2500 to 3300;Default range of ports used for communication with a helper appliance. Note: This range of ports applies to newly installed Veeam Backup & Replication starting from version 10.0, without upgrade from previous versions. If you have upgraded from an earlier version of the product, the range of ports from 2500 to 5000 applies to the already added components.
VBR;Mount server;Helper appliance;TCP;22;Default SSH port used as a control channel.
VBR;Mount server;Helper appliance;TCP;2500 to 3300;Default range of ports used for communication with a helper appliance. Note: This range of ports applies to newly installed Veeam Backup & Replication starting from version 10.0, without upgrade from previous versions. If you have upgraded from an earlier version of the product, the range of ports from 2500 to 5000 applies to the already added components.
VBR;Helper host;Backup repository;TCP;2500 to 3300;Default range of ports used for communication with a backup repository. Note: This range of ports applies to newly installed Veeam Backup & Replication starting from version 10.0, without upgrade from previous versions. If you have upgraded from an earlier version of the product, the range of ports from 2500 to 5000 applies to the already added components.
VBR;Helper host;ESXi server;TCP;443;Default port used for connections to the ESXi host if restore is performed over VIX API/vSphere Web Services. [For VMware vSphere earlier than 6.5] Not required if vCenter connection is used. In VMware vSphere versions 6.5 and later, port 443 must also be open to vSphere Web Services.
VBR;Backup server;Helper host;TCP;22;Default SSH port used as a control channel.
VBR;Backup server;Helper host;TCP;2500 to 3300;Default range of ports used for communication with a helper host and for collecting log files. Note: This range of ports applies to newly installed Veeam Backup & Replication starting from version 10.0, without upgrade from previous versions. If you have upgraded from an earlier version of the product, the range of ports from 2500 to 5000 applies to the already added components.
VBR;Backup server;Helper host;TCP;6162;Default port used by Veeam Data Mover Service.
VBR;Backup server;Helper host;TCP;32768 to 60999;Dynamic port range for Linux distributions. Used for communication with a helper host. For more information, see the Linux kernel documentation.
VBR;Mount server;Helper host;TCP;22;Default SSH port used as a control channel.
VBR;Mount server;Helper host;TCP;2500 to 3300;Default range of ports used for communication with a helper host. Note: This range of ports applies to newly installed Veeam Backup & Replication starting from version 10.0, without upgrade from previous versions. If you have upgraded from an earlier version of the product, the range of ports from 2500 to 5000 applies to the already added components.
VBR;Mount server;Helper host;TCP;32768 to 60999;Dynamic port range for Linux distributions. Used for communication with a helper host. For more information, see the Linux kernel documentation.
VBR;VM guest OS (Linux/Unix);Helper appliance;TCP;21;Default port used for protocol control messages if FTP server is enabled.
VBR;Helper appliance;VM guest OS (Linux/Unix);TCP;20;Default port used for data transfer if FTP server is enabled.
VBR;Helper appliance;VM guest OS (Linux/Unix);TCP;2500 to 3300;Default range of ports used for communication with a VM guest OS. Note: This range of ports applies to newly installed Veeam Backup & Replication starting from version 10.0, without upgrade from previous versions. If you have upgraded from an earlier version of the product, the range of ports from 2500 to 5000 applies to the already added components.
VBR;Helper host;VM guest OS (Linux/Unix);TCP;2500 to 3300;Default range of ports used for communication with a VM guest OS. Note: This range of ports applies to newly installed Veeam Backup & Replication starting from version 10.0, without upgrade from previous versions. If you have upgraded from an earlier version of the product, the range of ports from 2500 to 5000 applies to the already added components.
VBR;Backup server;VM guest OS (Linux/Unix);TCP;22;Default SSH port used as a control channel.
VBR;Mount server;VM guest OS (Microsoft Windows);TCP;445 135;Required to deploy the runtime coordination process on the VM guest OS.
VBR;Mount server;VM guest OS (Microsoft Windows);TCP;6160 11731;Default port and failover port used by Veeam Installer Service.
VBR;Mount server;VM guest OS (Microsoft Windows);TCP;6173 2500;Used by the Veeam Guest Helper for guest OS processing and file-level restore if persistent agent components are deployed inside the VM guest OS.
VBR;Mount server;VM guest OS (Microsoft Windows);TCP;49152 to 65535;Dynamic RPC port range for Microsoft Windows 2008 and later. For more information, see this Microsoft KB article . Note: If you use default Microsoft Windows firewall settings, you do not need to configure dynamic RPC ports. During setup, Veeam Backup & Replication automatically creates a firewall rule for the runtime process. If you use firewall settings other than default ones or application-aware processing fails with the "RPC function call failed" error, you need to configure dynamic RPC ports. For more information on how to configure RPC dynamic port allocation to work with firewalls, see this Microsoft KB article.
VBR;Backup server;VM guest OS;TCP;2500 to 3300;Default range of ports used for communication with a VM guest OS. Note: This range of ports applies to newly installed Veeam Backup & Replication starting from version 10.0, without upgrade from previous versions. If you have upgraded from an earlier version of the product, the range of ports from 2500 to 5000 applies to the already added components.
VBR;Backup server;Microsoft Windows server with the mount server role running vPower NFS Service;TCP;6160;Default port used by Veeam Installer Service.
VBR;Backup server;Microsoft Windows server with the mount server role running vPower NFS Service;TCP;6161;Default port used by the Veeam vPower NFS Service.
VBR;ESXi host;Microsoft Windows server with the mount server role running vPower NFS Service;TCP UDP;111;Standard port used by the port mapper service.
VBR;ESXi host;Microsoft Windows server with the mount server role running vPower NFS Service;TCP UDP;1058+ or 1063+;Default mount port. The number of port depends on where the vPower NFS Service is located: 1058+: If the vPower NFS Service is located on the backup server. 1063+: If the vPower NFS Service is located on a separate Microsoft Windows machine. If port 1058/1063 is occupied, the succeeding port numbers will be used.
VBR;ESXi host;Microsoft Windows server with the mount server role running vPower NFS Service;TCP UDP;2049+;Standard NFS port. If port 2049 is occupied, the succeeding port numbers will be used.
VBR;Backup repository or gateway server working with backup repository;Microsoft Windows server with the mount server role running vPower NFS Service;TCP;2500 to 3300;Default range of ports used as transmission channels during Instant Recovery, SureBackup or Linux file-level recovery. For every TCP connection that a job uses, one port from this range is assigned. Note: This range of ports applies to newly installed Veeam Backup & Replication starting from version 10.0, without upgrade from previous versions. If you have upgraded from an earlier version of the product, the range of ports from 2500 to 5000 applies to the already added components.
VBR;Microsoft Windows server with the mount server role running vPower NFS Service;Backup repository or gateway server working with backup repository;TCP;2500 to 3300;Default range of ports used as transmission channels during Instant Recovery, SureBackup or Linux file-level recovery. For every TCP connection that a job uses, one port from this range is assigned. Note: This range of ports applies to newly installed Veeam Backup & Replication starting from version 10.0, without upgrade from previous versions. If you have upgraded from an earlier version of the product, the range of ports from 2500 to 5000 applies to the already added components.
VBR;Backup server;Proxy appliance;TCP;443;Used for communication with the proxy appliance in the virtual lab.
VBR;Backup server;Applications on VMs in the virtual lab;-;-;Application-specific ports to perform port probing test. For example, to verify a DC, Veeam Backup & Replication probes port 389 for a response.
VBR;Internet-facing proxy server;VMs in the virtual lab;TCP;8080;Used to let VMs in the virtual lab access the Internet.
VBR;Microsoft Windows server with the mount server role running vPower NFS Service;Backup repository or gateway server working with backup repository;TCP;2500 to 3300;Default range of ports used as transmission channels during SureBackup. For every TCP connection that a job uses, one port from this range is assigned. Note: This range of ports applies to newly installed Veeam Backup & Replication starting from version 10.0, without upgrade from previous versions. If you have upgraded from an earlier version of the product, the range of ports from 2500 to 5000 applies to the already added components.
VBR;Microsoft Windows server with the mount server role running vPower NFS Service;ESXi server;TCP;443;Default port used for connections to ESXi host.
VBR;Backup repository or gateway server working with backup repository;Microsoft Windows server with the mount server role running vPower NFS Service;TCP;2500 to 3300;Default range of ports used as transmission channels during SureBackup. For every TCP connection that a job uses, one port from this range is assigned. Note: This range of ports applies to newly installed Veeam Backup & Replication starting from version 10.0, without upgrade from previous versions. If you have upgraded from an earlier version of the product, the range of ports from 2500 to 5000 applies to the already added components.
VBR;Backup server;Proxy appliance;TCP;443;Used for communication with the proxy appliance in the virtual lab.
VBR;Backup server;Applications on VMs in the virtual lab;-;-;Application-specific ports to perform port probing test. For example, to verify a DC, Veeam Backup & Replication probes port 389 for a response.
VBR;Internet-facing proxy server;VMs in the virtual lab;TCP;8080;Used to let VMs in the virtual lab access the Internet.
VBR;U-AIR wizards;Veeam Backup Enterprise Manager;TCP;9394;Used by default for communication with Veeam Backup Enterprise Manager. Can be customized during Veeam Backup Enterprise Manager installation.
VBR;Backup server;Microsoft Active Directory VM guest OS;TCP;135;Used for communication between the domain controller and backup server.
VBR;Backup server;Microsoft Active Directory VM guest OS;TCP, UDP;389;LDAP connections.
VBR;Backup server;Microsoft Active Directory VM guest OS;TCP;636, 3268, 3269;LDAP connections.
VBR;Backup server;Microsoft Active Directory VM guest OS;TCP;49152 to 65535;Dynamic RPC port range for Microsoft Windows 2008 and later used by the runtime coordination process deployed inside the VM guest OS for application-aware processing (when working over the network, not over VIX API). For more information, see this Microsoft KB article . Note: If you use default Microsoft Windows firewall settings, you do not need to configure dynamic RPC ports. During setup, Veeam Backup & Replication automatically creates a firewall rule for the runtime process. If you use firewall settings other than default ones or application-aware processing fails with the "RPC function call failed" error, you need to configure dynamic RPC ports. For more information on how to configure RPC dynamic port allocation to work with firewalls, see this Microsoft KB article.
VBR;Backup server;Microsoft Exchange 2003/2007 CAS Server;TCP;80, 443;WebDAV connections.
VBR;Backup server;Microsoft Exchange 2010/2013/2016/2019 CAS Server;TCP;443;Microsoft Exchange Web Services Connections.
VBR;Backup server;Microsoft SQL VM guest OS;TCP;1433, 1434 and other;Used for communication with the Microsoft SQL Server installed inside the VM. Port numbers depends on configuration of your Microsoft SQL server. For more information, see this Microsoft article.
VBR;Backup server;Microsoft SQL VM guest OS;UDP;1434;Used by the Microsoft SQL Server Browser service. For more information, see this Microsoft article.
VBR;Backup server or backup repository;Helper appliance;TCP;22;Used as a communication channel to the helper appliance.
VBR;Backup server or backup repository;Helper appliance;TCP;443;Default redirector port. You can change the port in helper appliance settings. For details, see the Specify Helper Appliance section in Restore to Amazon EC2.
VBR;Backup server or backup repository;Helper appliance;TCP;22;Used as a communication channel to the helper appliance.
VBR;Backup server or backup repository;Helper appliance;TCP;443;Default redirector port. You can change the port in helper appliance settings. For details, see the Specify Helper Appliance section in Restore to Google Cloud.
VBR;Backup server;Helper appliance;TCP;22;Used by default as a communication channel to the helper appliance when restoring Linux workloads. Can be changed during helper appliance deployment. For details, see Configuring Helper Appliances.
VBR;Backup server;Microsoft Azure;TCP;443;Default management and data transport port required for communication with Microsoft Azure.
VBR;Backup server;Azure Windows VM agent distribution server;TCP;443;Used by Veeam Backup & Replication to install the Azure Windows VM agent on the restored VM through the following URLs: go.microsoft.com aka.ms (additional components required for the Azure Windows VM agent installation) github.com (additional components required for the Azure Windows VM agent installation) objects.githubusercontent.com (additional components required for the Azure Windows VM agent installation) Consider that these URLs are subject to change. For more information, see this Microsoft article.
VBR;Backup server;Azure Stack Hub;TCP;443, 30024;Default management and data transport port required for communication with Azure Stack Hub.
VBR;Backup server or backup repository;Azure restore proxy appliance (former Azure proxy);TCP;443;Default management and data transport port required for communication with the Azure restore proxy appliance. The port must be opened on the backup server and backup repository storing VM backups. Can be changed in the settings of the Azure restore proxy appliance. For details, see Specify Credentials and Transport Port.
VBR;Gateway server;NDMP server;NDMP;10000;Default port used to manage the NMDP server. Note: The port range used for data transfer depends on your NDMP server configuration. For more information, contact your hardware vendor.
VBR;Backup server;SMTP server;TCP;25;Used by the SMTP server.
VBR;Backup server;SMTP server;TCP;587;Used by the SMTP server if SSL is enabled.
VBR;Backup server;Gmail REST API (gmail.googleapis.com);TCP;443;Used to communicate with Google Mail services.
VBR;Backup server;Microsoft Graph REST API (graph.microsoft.com, login.microsoftonline.com);TCP;443;Used to communicate with Microsoft Exchange Online organizations.
VBR;Backup server;Syslog server;TCP UDP;514;Default port used to communicate with the syslog server.
VBR;Backup server;Syslog server;TLS;6514;Default port used to communicate with the syslog server over TLS.
